"2025-03-16","66","Koding asik juga."
"2025-03-17","0","Lagi mager parah."
"2025-03-18","66","Koding asik juga."
"2025-03-19","0","Hari yang produktif!"
"2025-03-20","66","Lagi mager parah."
"2025-03-21","33","Koding asik juga."
"2025-03-22","33","Koding asik juga."
"2025-03-23","0","Lagi mager parah."
"2025-03-24","0","Koding asik juga."
"2025-03-25","33","Lagi mager parah."
"2025-03-26","0","Koding asik juga."
"2025-03-27","33","Lagi mager parah."
"2025-03-28","66","Koding asik juga."
"2025-03-29","0","Koding asik juga."
"2025-03-30","100","Koding asik juga."
"2025-03-31","100","Hari yang produktif!"
"2025-04-01","66","Lagi mager parah."
"2025-04-02","100","Koding asik juga."
"2025-04-03","0","Koding asik juga."
"2025-04-04","0","Hari yang produktif!"
"2025-04-05","33","Lagi mager parah."
"2025-04-06","0","Hari yang produktif!"
"2025-04-07","66","Lagi mager parah."
"2025-04-08","66","Koding asik juga."
"2025-04-09","33","Lagi mager parah."
"2025-04-10","100","Hari yang produktif!"
"2025-04-11","33","Lagi mager parah."
"2025-04-12","66","Lagi mager parah."
"2025-04-13","66","Koding asik juga."
"2025-04-14","33","Lagi mager parah."
"2025-04-15","0","Lagi mager parah."
"2025-04-16","66","Koding asik juga."
"2025-04-17","0","Lagi mager parah."
"2025-04-18","66","Lagi mager parah."
"2025-04-19","33","Koding asik juga."
"2025-04-20","66","Lagi mager parah."
"2025-04-21","33","Koding asik juga."
"2025-04-22","66","Lagi mager parah."
"2025-04-23","66","Hari yang produktif!"
"2025-04-24","66","Lagi mager parah."
"2025-04-25","66","Koding asik juga."
"2025-04-26","100","Hari yang produktif!"
"2025-04-27","0","Hari yang produktif!"
"2025-04-28","66","Hari yang produktif!"
"2025-04-29","66","Koding asik juga."
"2025-04-30","100","Koding asik juga."
"2025-05-01","66","Koding asik juga."
"2025-05-02","100","Hari yang produktif!"
"2025-05-03","0","Koding asik juga."
"2025-05-04","33","Hari yang produktif!"
"2025-05-05","0","Koding asik juga."
"2025-05-06","33","Lagi mager parah."
"2025-05-07","66","Lagi mager parah."
"2025-05-08","100","Koding asik juga."
"2025-05-09","66","Hari yang produktif!"
"2025-05-10","0","Koding asik juga."
"2025-05-11","66","Hari yang produktif!"
"2025-05-12","0","Lagi mager parah."
"2025-05-13","100","Lagi mager parah."
"2025-05-14","0","Hari yang produktif!"
"2025-05-15","33","Koding asik juga."
"2025-05-16","100","Koding asik juga."
"2025-05-17","100","Lagi mager parah."
"2025-05-18","100","Hari yang produktif!"
"2025-05-19","100","Lagi mager parah."
"2025-05-20","100","Hari yang produktif!"
"2025-05-21","0","Lagi mager parah."
"2025-05-22","100","Lagi mager parah."
"2025-05-23","33","Koding asik juga."
"2025-05-24","100","Lagi mager parah."
"2025-05-25","33","Koding asik juga."
"2025-05-26","100","Koding asik juga."
"2025-05-27","100","Koding asik juga."
"2025-05-28","66","Hari yang produktif!"
"2025-05-29","0","Koding asik juga."
"2025-05-30","0","Lagi mager parah."
"2025-05-31","0","Hari yang produktif!"
"2025-06-01","0","Koding asik juga."
"2025-06-02","100","Hari yang produktif!"
"2025-06-03","0","Hari yang produktif!"
"2025-06-04","33","Hari yang produktif!"
"2025-06-05","100","Koding asik juga."
"2025-06-06","0","Lagi mager parah."
"2025-06-07","66","Lagi mager parah."
"2025-06-08","100","Koding asik juga."
"2025-06-09","33","Koding asik juga."
"2025-06-10","0","Koding asik juga."
"2025-06-11","33","Koding asik juga."
"2025-06-12","66","Koding asik juga."
"2025-06-13","0","Koding asik juga."
"2025-06-14","66","Lagi mager parah."
"2025-06-15","66","Lagi mager parah."
"2025-06-16","66","Koding asik juga."
"2025-06-17","100","Koding asik juga."
"2025-06-18","66","Lagi mager parah."
"2025-06-19","100","Lagi mager parah."
"2025-06-20","0","Hari yang produktif!"
"2025-06-21","66","Koding asik juga."
"2025-06-22","0","Koding asik juga."
"2025-06-23","100","Hari yang produktif!"
"2025-06-24","0","Lagi mager parah."
"2025-06-25","100","Hari yang produktif!"
"2025-06-26","100","Hari yang produktif!"
"2025-06-27","66","Hari yang produktif!"
"2025-06-28","0","Hari yang produktif!"
"2025-06-29","100","Hari yang produktif!"
"2025-06-30","33","Hari yang produktif!"
"2025-07-01","66","Koding asik juga."
"2025-07-02","33","Hari yang produktif!"
"2025-07-03","33","Koding asik juga."
"2025-07-04","33","Koding asik juga."
"2025-07-05","33","Hari yang produktif!"
"2025-07-06","66","Hari yang produktif!"
"2025-07-07","33","Koding asik juga."
"2025-07-08","33","Lagi mager parah."
"2025-07-09","0","Hari yang produktif!"
"2025-07-10","66","Hari yang produktif!"
"2025-07-11","66","Koding asik juga."
"2025-07-12","100","Hari yang produktif!"
"2025-07-13","0","Koding asik juga."
"2025-07-14","66","Lagi mager parah."
"2025-07-15","0","Hari yang produktif!"
"2025-07-16","100","Lagi mager parah."
"2025-07-17","0","Koding asik juga."
"2025-07-18","100","Hari yang produktif!"
"2025-07-19","33","Hari yang produktif!"
"2025-07-20","33","Hari yang produktif!"
"2025-07-21","33","Lagi mager parah."
"2025-07-22","0","Koding asik juga."
"2025-07-23","66","Lagi mager parah."
"2025-07-24","100","Hari yang produktif!"
"2025-07-25","33","Koding asik juga."
"2025-07-26","0","Hari yang produktif!"
"2025-07-27","66","Lagi mager parah."
"2025-07-28","66","Koding asik juga."
"2025-07-29","100","Hari yang produktif!"
"2025-07-30","66","Hari yang produktif!"
"2025-07-31","33","Koding asik juga."
"2025-08-01","0","Koding asik juga."
"2025-08-02","100","Lagi mager parah."
"2025-08-03","100","Hari yang produktif!"
"2025-08-04","100","Lagi mager parah."
"2025-08-05","33","Hari yang produktif!"
"2025-08-06","0","Lagi mager parah."
"2025-08-07","66","Koding asik juga."
"2025-08-08","33","Hari yang produktif!"
"2025-08-09","100","Koding asik juga."
"2025-08-10","66","Hari yang produktif!"
"2025-08-11","66","Lagi mager parah."
"2025-08-12","0","Lagi mager parah."
"2025-08-13","0","Lagi mager parah."
"2025-08-14","0","Koding asik juga."
"2025-08-15","33","Koding asik juga."
"2025-08-16","33","Koding asik juga."
"2025-08-17","33","Lagi mager parah."
"2025-08-18","33","Hari yang produktif!"
"2025-08-19","66","Hari yang produktif!"
"2025-08-20","33","Koding asik juga."
"2025-08-21","0","Koding asik juga."
"2025-08-22","33","Hari yang produktif!"
"2025-08-23","100","Koding asik juga."
"2025-08-24","66","Lagi mager parah."
"2025-08-25","33","Hari yang produktif!"
"2025-08-26","66","Lagi mager parah."
"2025-08-27","33","Lagi mager parah."
"2025-08-28","0","Lagi mager parah."
"2025-08-29","0","Koding asik juga."
"2025-08-30","100","Koding asik juga."
"2025-08-31","100","Hari yang produktif!"
"2025-09-01","100","Lagi mager parah."
"2025-09-02","0","Lagi mager parah."
"2025-09-03","33","Koding asik juga."
"2025-09-04","100","Koding asik juga."
"2025-09-05","66","Koding asik juga."
"2025-09-06","100","Koding asik juga."
"2025-09-07","0","Hari yang produktif!"
"2025-09-08","66","Koding asik juga."
"2025-09-09","66","Hari yang produktif!"
"2025-09-10","0","Lagi mager parah."
"2025-09-11","100","Hari yang produktif!"
"2025-09-12","66","Hari yang produktif!"
"2025-09-13","0","Lagi mager parah."
"2025-09-14","0","Lagi mager parah."
"2025-09-15","66","Hari yang produktif!"
"2025-09-16","0","Lagi mager parah."
"2025-09-17","33","Koding asik juga."
"2025-09-18","33","Koding asik juga."
"2025-09-19","0","Koding asik juga."
"2025-09-20","33","Lagi mager parah."
"2025-09-21","100","Lagi mager parah."
"2025-09-22","66","Koding asik juga."
"2025-09-23","0","Hari yang produktif!"
"2025-09-24","33","Lagi mager parah."
"2025-09-25","33","Hari yang produktif!"
"2025-09-26","66","Hari yang produktif!"
"2025-09-27","33","Lagi mager parah."
"2025-09-28","66","Lagi mager parah."
"2025-09-29","33","Lagi mager parah."
"2025-09-30","0","Lagi mager parah."
"2025-10-01","0","Hari yang produktif!"
"2025-10-02","33","Hari yang produktif!"
"2025-10-03","66","Lagi mager parah."
"2025-10-04","0","Hari yang produktif!"
"2025-10-05","0","Lagi mager parah."
"2025-10-06","66","Lagi mager parah."
"2025-10-07","33","Koding asik juga."
"2025-10-08","0","Lagi mager parah."
"2025-10-09","100","Lagi mager parah."
"2025-10-10","0","Hari yang produktif!"
"2025-10-11","33","Lagi mager parah."
"2025-10-12","33","Lagi mager parah."
"2025-10-13","33","Koding asik juga."
"2025-10-14","66","Hari yang produktif!"
"2025-10-15","100","Hari yang produktif!"
"2025-10-16","100","Koding asik juga."
"2025-10-17","0","Koding asik juga."
"2025-10-18","33","Hari yang produktif!"
"2025-10-19","66","Koding asik juga."
"2025-10-20","33","Hari yang produktif!"
"2025-10-21","100","Koding asik juga."
"2025-10-22","33","Koding asik juga."
"2025-10-23","0","Koding asik juga."
"2025-10-24","0","Koding asik juga."
"2025-10-25","0","Hari yang produktif!"
"2025-10-26","100","Koding asik juga."
"2025-10-27","0","Lagi mager parah."
"2025-10-28","33","Koding asik juga."
"2025-10-29","66","Lagi mager parah."
"2025-10-30","33","Koding asik juga."
"2025-10-31","66","Lagi mager parah."
"2025-11-01","0","Hari yang produktif!"
"2025-11-02","33","Koding asik juga."
"2025-11-03","0","Hari yang produktif!"
"2025-11-04","33","Lagi mager parah."
"2025-11-05","66","Lagi mager parah."
"2025-11-06","100","Hari yang produktif!"
"2025-11-07","100","Hari yang produktif!"
"2025-11-08","0","Hari yang produktif!"
"2025-11-09","0","Hari yang produktif!"
"2025-11-10","100","Koding asik juga."
"2025-11-11","100","Hari yang produktif!"
"2025-11-12","0","Lagi mager parah."
"2025-11-13","0","Koding asik juga."
"2025-11-14","33","Lagi mager parah."
"2025-11-15","100","Koding asik juga."
"2025-11-16","100","Hari yang produktif!"
"2025-11-17","0","Koding asik juga."
"2025-11-18","0","Koding asik juga."
"2025-11-19","0","Lagi mager parah."
"2025-11-20","33","Lagi mager parah."
"2025-11-21","100","Hari yang produktif!"
"2025-11-22","0","Hari yang produktif!"
"2025-11-23","100","Hari yang produktif!"
"2025-11-24","33","Lagi mager parah."
"2025-11-25","66","Koding asik juga."
"2025-11-26","66","Koding asik juga."
"2025-11-27","100","Koding asik juga."
"2025-11-28","100","Koding asik juga."
"2025-11-29","100","Koding asik juga."
"2025-11-30","33","Lagi mager parah."
"2025-12-01","33","Koding asik juga."
"2025-12-02","0","Hari yang produktif!"
"2025-12-03","0","Koding asik juga."
"2025-12-04","33","Hari yang produktif!"
"2025-12-05","100","Hari yang produktif!"
"2025-12-06","66","Hari yang produktif!"
"2025-12-07","33","Lagi mager parah."
"2025-12-08","0","Koding asik juga."
"2025-12-09","100","Koding asik juga."
"2025-12-10","66","Lagi mager parah."
"2025-12-11","100","Koding asik juga."
"2025-12-12","66","Lagi mager parah."
"2025-12-13","66","Koding asik juga."
"2025-12-14","66","Hari yang produktif!"
"2025-12-15","66","Koding asik juga."
"2025-12-16","33","Lagi mager parah."
"2025-12-17","33","Lagi mager parah."
"2025-12-18","66","Hari yang produktif!"
"2025-12-19","33","Koding asik juga."
"2025-12-20","66","Koding asik juga."
"2025-12-21","0","Hari yang produktif!"
"2025-12-22","33","Hari yang produktif!"
"2025-12-23","0","Hari yang produktif!"
"2025-12-24","33","Lagi mager parah."
"2025-12-25","33","Lagi mager parah."
"2025-12-26","100","Koding asik juga."
"2025-12-27","66","Koding asik juga."
"2025-12-28","33","Hari yang produktif!"
"2025-12-29","33","Hari yang produktif!"
"2025-12-30","33","Lagi mager parah."
"2025-12-31","0","Lagi mager parah."
"2026-01-01","33","Lagi mager parah."
"2026-01-02","66","Koding asik juga."
"2026-01-03","100","Lagi mager parah."
"2026-01-04","0","Koding asik juga."
"2026-01-05","33","Koding asik juga."
"2026-01-06","33","Koding asik juga."
"2026-01-07","66","Hari yang produktif!"
"2026-01-08","33","Koding asik juga."
"2026-01-09","0","Lagi mager parah."
"2026-01-10","66","Koding asik juga."
"2026-01-11","0","Lagi mager parah."
"2026-01-12","0","Hari yang produktif!"
"2026-01-13","33","Koding asik juga."
"2026-01-14","0","Lagi mager parah."
"2026-01-15","100","Koding asik juga."
"2026-01-16","66","Koding asik juga."
"2026-01-17","100","Koding asik juga."
"2026-01-18","33","Lagi mager parah."
"2026-01-19","100","Lagi mager parah."
"2026-01-20","66","Hari yang produktif!"
"2026-01-21","66","Hari yang produktif!"
"2026-01-22","100","Hari yang produktif!"
"2026-01-23","66","Koding asik juga."
"2026-01-24","100","Hari yang produktif!"
"2026-01-25","0","Hari yang produktif!"
"2026-01-26","66","Hari yang produktif!"
"2026-01-27","66","Koding asik juga."
"2026-01-28","0","Koding asik juga."
"2026-01-29","66","Hari yang produktif!"
"2026-01-30","33","Lagi mager parah."
"2026-01-31","100","Koding asik juga."
"2026-02-01","100","Lagi mager parah."
"2026-02-02","66","Lagi mager parah."
"2026-02-03","100","Koding asik juga."
"2026-02-04","66","Koding asik juga."
"2026-02-05","100","Koding asik juga."
"2026-02-06","0","Koding asik juga."
"2026-02-07","100","Lagi mager parah."
"2026-02-08","0","Lagi mager parah."
"2026-02-09","33","Koding asik juga."
"2026-02-10","0","Koding asik juga."
"2026-02-11","0","Koding asik juga."
"2026-02-12","33","Hari yang produktif!"
"2026-02-13","100","Lagi mager parah."
"2026-02-14","66","Koding asik juga."
"2026-02-15","0","Hari yang produktif!"
"2026-02-16","33","Koding asik juga."
"2026-02-17","33","Koding asik juga."
"2026-02-18","100","Hari yang produktif!"
"2026-02-19","66","Lagi mager parah."
"2026-02-20","0","Hari yang produktif!"
"2026-02-21","66","Hari yang produktif!"
"2026-02-22","33","Koding asik juga."
"2026-02-23","100","Lagi mager parah."
"2026-02-24","33","Hari yang produktif!"
"2026-02-25","33","Koding asik juga."
"2026-02-26","66","Hari yang produktif!"
"2026-02-27","33","Koding asik juga."
"2026-02-28","66","Koding asik juga."
"2026-03-01","100","Koding asik juga."
"2026-03-02","33","Lagi mager parah."
"2026-03-03","100","Koding asik juga."
"2026-03-04","66","Koding asik juga."
"2026-03-05","66","Hari yang produktif!"
"2026-03-06","33","Lagi mager parah."
"2026-03-07","100","Koding asik juga."
"2026-03-08","100","Hari yang produktif!"
"2026-03-09","66","Lagi mager parah."
"2026-03-10","0","Koding asik juga."
"2026-03-11","33","Koding asik juga."
"2026-03-12","100","Hari yang produktif!"
"2026-03-13","66","Koding asik juga."
"2026-03-14","100","Hari yang produktif!"
"2026-03-15","66","Hari yang produktif!"
